repository_name,n_name
,927933
dotfiles,593514
test,411815
heartbeat,259380
core,219943
blog,217292
datasciencecoursera,212256
gaia,163682
mmc,163620
hello-world,150902
spark,149296
rust,148748
cosi_monitor,132105
data,128594
homebrew,128314
melete,126658
liferay-portal,126544
sample_app,118518
website,114193
edx-platform,111771
docker,111463
vitality,111087
docs,109094
cmssw,104289
opam-bulk-logs,100044
ProgrammingAssignment2,99088
bootstrap,95908
salt,91340
irc-logs,88665
-,86380
githubtime,86359
angular.js,85836
git2,80986
PullRequestTest,78343
Test,78087
frontend,77661
phnest,77618
githubprime,77481
weathernick.github.io,73975
android_frameworks_base,72866
rails,72567
app,71935
datasharing,70853
z,68699
framework,66046
julia,63902
wmidbot,63735
android,63175
elasticsearch,61169
wiki,59819
dojo_rules,59304
PLM-data,58586
gecko-dev,58245
livestatus-publicpage,58175
first_app,58139
portfolio,57095
ExData_Plotting1,56707
brackets,55426
yii2,55296
odoo,55178
synergy,54712
nixpkgs,54544
qdm.github.io,53414
cocos2d-x,52849
xbmc,52769
Spoon-Knife,52213
reddcoinhub.github.io,52168
qualitri.github.io,51717
Specs,51378
repo,50699
Cataclysm-DDA,50237
-tg-station,50082
main,49605
android_packages_apps_Settings,49195
ansible,48378
kubernetes,48032
haiku,47782
symfony,47236
test1,46912
snoopys-sandbox,46694
neovim,46304
popcorn-app,46294
homebrew-cask,46196
scripts,45914
2048,45909
pandas,45627
khan-i18n,44932
servo,44484
demo_app,44367
node,43925
test-repo,43127
OpenBSC,43092
atom,42253
linux,42159
django,40578
Ghost,40559
joomla-cms,40218
bitcoin,39490
origin-server,39152
TrinityCore,39055
site,38420
leetcode,38345
OpenRA,37778
cakephp,37728
scikit-learn,37684
riskindex.github.io,37098
llvm-project,36955
invenio,36937
llvm-project-submodule,36690
mygithubpage,36570
RIOT,35805
sosie-exp,35413
gitlabhq,34873
RepData_PeerAssessment1,34864
ipython,34817
web,34794
moodle,34681
Hello-World,34579
ember.js,34376
meteor,34341
drupalcores,34238
git,34199
sandbox,34175
config,33694
documentation,33493
maptest-ad,32847
maptest-ac,32642
liferay-plugins,32640
jsk_common-release,32628
react,32568
hhvm,32234
ppsspp,31882
metasploit-framework,31550
server,31406
jajuk,31118
ionic,30732
Font-Awesome,30551
sympy,30455
---------,30404
testing,30042
discourse,30041
resume,29812
spree,29727
ember-cli,29706
pinteresting,29692
oh-my-zsh,29659
ceph,29422
001,29375
www,29375
maptest-bc,29206
.emacs.d,29196
commcare-hq,29103
maptest-bd,29086
free-programming-books,28965
drmemory,28621
project,28524
akka,28449
deis,28392
dolphin,28364
HelloWorld,28345
vagrant,28301
api,28143
nyt_puzzle_history,27992
hazelcast,27736
pdf.js,27714
demo,27681
Dynamo,27532
netty,27331
code,27330
puppet,27328
rosdoc_tag_index,27055
jekyll,26848
notes,26623
Baystation12,26570
test2,26558
frameworks_base,26423
opencv,26375
rethinkdb,26277
crosswalk,26110
appium,26087
emacs.d,26076
juju,26046
chef,25951
ambrosia,25763
test-center,25723
mneme,25698
Issues,25186
foundation,25098
learngit,24782
vimrc,24657
android_build,24657
gentoo-portage,24639
neo4j,24518
github-hooks-test,24503
vim,24470
furry-spice,24410
astropy,24396
etcd,24014
newofnews,23990
tck,23916
mozwebqa-dashboard,23794
Projects,23763
d3,23761
openstack,23734
wildfly,23427
jsdelivr,23425
npm,23273
caffe,23253
habitrpg,22973
smzdm.com,22972
scala,22809
recipes,22598
openmicroscopy,22523
szxxnk,22457
three.js,22183
node-webkit,22112
hifi,22096
pouchdb,22076
wpi-suite,21917
platform_manifest,21912
rosdistro,21807
cms,21788
LeetCode,21692
ol3,21637
weather-prediction,21632
codecombat,21630
laravel,21522
freebsd,21502
phpbb,21497
libgdx,21476
openproject,21425
Pokemon-Showdown,21422
youtube-dl,21370
home,21286
python,21176
llvm,21128
indico-gh-test,21109
vgstation13,21093
pushpin,20924
Blog,20876
MonoGame,20760
dotvim,20728
infinispan,20698
phobos,20656
NodeBB,20628
Sylius,20527
dashboard,20492
ks,20395
TextSecure,20284
slick,20263
backbone.marionette,20229
mongo,20228
zf2,20200
HPCC-Platform,20167
autolander-test,20112
redis,19850
patchwork,19825
dmd,19703
attic,19599
foreman,19567
tools,19490
jquery,19450
maptest-da,19388
blink,19359
jenkins,19342
rippled,19305
katello,19256
gulp,19193
GooGuns,19155
bolt,19092
Project,18903
RxJava,18855
sequelize,18847
platform,18797
mean,18772
helloworld,18740
moose,18729
syncthing,18632
MCServer,18606
EggDrop,18563
java,18511
wordpress,18469
playframework,18403
webservice-cep,18376
dynamorio,18361
wet-boew,18348
javascript,18337
zamboni,18299
TypeScript,18233
symfony-docs,18178
fipy-migration,18153
robottelo,18122
algorithms,18097
woocommerce,18089
fabric8,18068
ruby,18000
DefinitelyTyped,17995
bedrock,17959
cryptography,17843
testrepo,17826
mediawiki-extensions,17769
phaser,17749
Firmware,17586
Mvc,17580
galleries.csv,17506
temp-repo,17499
AsteroidTrackerService,17477
go,17360
civicrm-core,17347
v8,17178
matplotlib,17175
numpy,17159
cdnjs,17156
openhab,17037
angular.dart,17028
Semantic-UI,16933
nova,16873
spring-boot,16849
Website,16763
stk-code,16746
phpmyadmin,16697
hello,16658
portage,16645
gitignore,16632
OpenBazaar,16580
php-src,16577
scala-js,16551
thesis,16412
AGM,16411
presto,16383
manageiq,16375
.dotfiles,16344
fxa-content-server,16330
psutil,16260
openscholar,16245
piwik,16234
mne-python,16220
Portfolio,16220
zds-site,16183
WordPress-iOS,16180
sails,16179
d43-en,16133
playground,16099
projects,16083
express,16018
kc,16013
issues,15950
diversify-exp,15949
Java,15928
vimfiles,15915
traceur-compiler,15885
manifest,15858
origin,15812
brightonjapan,15742
level_up_exercises,15696
scipy,15642
packages_apps_Settings,15618
diaspora,15608
tealight-files,15599
DGPFYY,15467
examples,15431
nupic,15397
cargo,15252
configuration,15237
web-starter-kit,15225
emscripten,15195
sample,15188
pwllw,15177
composer,15132
misc,15055
zfs,15043
cockpit,15035
kotlin,15021
mono,14969
CocoaPods,14960
maptest-ca,14959
shogun,14956
grafana,14955
logstash,14926
micropython,14911
kibana,14899
papers-we-love,14885
llks-data,14871
cphalcon,14826
Elgg,14773
devart-template,14766
rfcs,14764
pim-community-dev,14763
Core,14737
bestselling,14720
phoenix,14705
Server,14698
neutron,14695
lmms,14677
ka-lite,14621
AFNetworking,14601
opentx,14525
todo,14511
testrepo4,14484
bokeh,14472
jcabi-github,14459
material-design-icons,14449
velocity,14446
meqtrees,14426
Arduino,14403
material,14395
libosmocore,14378
keystone,14376
courses,14372
fig,14295
practice,14263
Hets,14263
ardupilot,14255
w3af,14238
vispy,14221
Android,14184
k,14124
book,14037
mocantu,14017
LightTable,13992
animate.css,13930
packages,13901
cli,13826
protractor,13823
taskspool,13806
the-swift-programming-language-in-chinese,13805
gogs,13788
dockerfiles,13763
ompi-svn-mirror,13754
waterline,13727
cfme_tests,13721
bwapi,13716
moment,13699
calendar,13692
CosmosBrowserBackend,13686
Stockfish,13674
backbone,13666
plottable,13600
Subtitles,13598
huginn,13589
radare2,13582
zeroclickinfo-spice,13576
iris,13471
mantid,13469
spotlight,13465
fleet,13456
federated-content,13445
CouchPotatoServer,13424
reveal.js,13423
Chart.js,13397
trans,13390
myflix,13381
pop,13362
video.js,13355
fizteh-java-2014,13346
WordPress,13342
game,13340
openh264,13293
XPrivacy,13282
crosswalk-test-suite,13268
galaxy,13261
PrestaShop,13207
libuv,13182
mirall,13160
b3log-solo,13157
emacs,13152
mpv,13150
libgit2,13124
tribler,13124
PeevedPenguinsTemplate-Spritebuilder,13121
ftplist,13105
ng-grid,13068
hydra,13064
mybb,13063
cv,13056
guice-test,13054
lime,13036
CodeIgniter,12967
github-cheat-sheet,12952
www.jboss.org,12923
ui-router,12898
kuma,12863
nemerle,12839
django-cms,12827
fog,12804
platform_frameworks_base,12796
elixir,12751
copay,12734
dev,12686
openFrameworks,12674
.vim,12669
spring-xd,12660
phantomjs,12642
pioneer,12639
juju-gui,12627
gitbook,12615
utils,12581
orientdb,12575
training,12542
guides,12522
clang,12511
drone,12473
build,12462
cartodb,12451
underscore,12451
OpenELEC.tv,12445
famous,12438
influxdb,12429
libavg_ticket_test,12412
opam-repository,12411
Marlin,12388
engine,12384
QGIS,12383
demos,12359
prezto,12343
travis-ci,12335
h,12334
okhttp,12330
cmsdist,12318
node-utility2,12304
TestRepo,12300
cesium,12294
otter,12276
FORGOTTENSERVER-ORTS,12257
titanium_mobile,12247
support,12231
linguist,12227
robotframework,12188
newgitpush,12178
git_town_specs,12176
fullPage.js,12150
incubator-spark,12147
PHP-CS-Fixer,12134
minetest,12113
stuff,12097
opencart,12067
Algorithms,12064
sverchok,12014
hackathon-starter,12001
haxe,11994
configs,11990
contrail-controller,11971
godot,11965
skyrim,11955
d3.fuzz.me.uk,11953
www.gittip.com,11950
Gooru-Web,11935
Game,11914
WebEssentials2013,11911
federated-wiki,11887
tachyon,11887
revolution,11848
bootstrap-material-design,11830
MuseScore,11823
gittest,11819
slate,11793
voltdb,11759
learn-rails,11708
ProjectEuler,11674
mozilla-git,11638
qBittorrent,11614
pylearn2,11611
concrete5-5.7.0,11582
euler,11570
awesome-python,11567
h2o,11541
jetpack,11502
goagent,11501
Python,11483
nit,11461
django-rest-framework,11456
Scripts,11455
khan-exercises,11418
ReactiveCocoa,11406
bootstrapvalidator,11390
pi,11357
php,11346
apps,11316
php-mpos,11307
requests,11289
bower,11249
packer,11232
todomvc,11209
study,11198
eslint,11195
sweetalert,11173
3akai-ux,11158
pixi.js,11149
depot,11134
html5-boilerplate,11133
database,11111
hbase,11107
homebrew-science,11091
homepage,11083
flask,11083
chat,11079
meetups,11027
select2,11026
android_frameworks_av,10950
The-Art-Of-Programming-By-July,10947
awesome-awesomeness,10939
druid,10936
ace,10927
template,10926
WordPress-Android,10923
cloudstack,10882
angular-strap,10875
project-euler,10872
bloccit,10868
openmrs-core,10857
data_display,10843
snippets,10818
Theano,10816
bioformats,10812
project1,10788
PocketMine-MP,10778
jclouds,10747
dolphin-issues,10739
web-platform-tests,10707
octopress,10692
corefx,10681
http-api-design,10669
drupal,10666
vim-config,10646
flow,10630
node-jscs,10622
flocker,10622
docker-registry,10612
chapel,10611
spring-framework,10602
Demo,10587
oow1,10585
secondrepo,10579
ractive,10577
atom-shell,10570
alloy-ui,10562
angular-google-maps,10548
angular-seed,10538
hatohol,10512
iCloud-Bypass,10511
global.hackathon,10500
io.js,10494
CodeMirror,10490
TicTacToe,10479
mercury,10477
package_control_channel,10474
video2-location,10472
scikit-image,10458
cgm-remote-monitor,10448
intellij-community,10420
crate,10419
boot2docker,10406
new-website,10370
dot-files,10359
TranslateProject,10352
osx,10343
Coolsoft-14,10335
calcentral,10327
socket.io,10325
passenger,10305
horizon,10302
whitehall,10298
blaze,10282
mwEmbed,10277
resourcemap,10257
OsmoBTS,10254
SpongeAPI,10234
video2-playlist,10230
pip,10221
wagtail,10195
video2-servers,10187
appmaker,10160
2014,10155
nfs-ganesha,10142
azure-sdk-tools,10136
curriculum,10103
rf-migration-test-6,10101
resume.github.com,10091
realm-cocoa,10057
picasso,10056
awesome-sysadmin,10035
tamil1.github.io,10021
ArangoDB,10020
scrapy,10000
articles,10000
Sabrina,9979
test3,9971
teste,9971
LeagueSharp,9970
Sick-Beard,9958
supermarket,9955
cgeo,9951
TiddlyWiki5,9951
bc,9932
flixel,9924
eden,9923
rubocop,9922
jquery-mobile,9921
redux-framework,9909
jQuery-File-Upload,9901
buttonmen,9896
spksrc,9896
FlappyBird-SpriteBuilder,9870
RetroArch,9860
EntityFramework,9846
mixxx,9846
ramda,9845
jruby,9842
Easy-Digital-Downloads,9841
bem-components,9817
zeroclickinfo-goodies,9797
wordpress-seo,9780
admittedly.github.io,9772
lantern,9760
FlappySwift,9739
c3,9737
android-open-project,9736
loopback,9734
beets,9723
base,9721
mruby,9715
statsmodels,9702
METADATA.jl,9697
treebook,9696
Telegram,9694
Leaflet,9685
ratchet,9678
mf-geoadmin3,9677
maptest-cb,9672
NTstation13,9655
codeforamerica.org,9655
kivy,9637
pulp,9613
mongoose,9613
polymer,9610
webapp,9585
SickRage,9575
NServiceBus,9563
mule,9563
500lines,9561
echarts,9526
dokku,9524
doc,9524
presentations,9519
dolibarr,9515
ead,9505
www.123.com,9496
pants,9486
scikit-bio,9480
JohnTheRipper,9465
WebODF,9446
forum,9441
iosched,9432
pfb,9395
angularjs-styleguide,9395
fabric.js,9391
winjs,9391
myblog,9384
jekyll_demo,9366
MozStumbler,9365
livecode,9361
q,9359
video2-repo,9326
cassandra,9313
WebFundamentals,9297
jsbin,9286
poppers,9286
nexus-oss,9283
fontforge,9272
GitTest,9270
nZEDb,9270
red,9264
exercism.io,9255
flux,9255
mobile,9254
prelude,9244
cpp-ethereum,9230
Reddit-Enhancement-Suite,9226
kernel,9224
wiredtiger,9219
bootstrap-datetimepicker,9213
buildbot,9209
news,9201
silverstripe-framework,9190
socorro,9187
drake,9177
openstreetmap-carto,9177
fireplace,9168
reddit,9166
openmw,9162
ezpublish-kernel,9159
Hilary,9138
You-Dont-Know-JS,9128
hubot,9118
ravendb,9117
darkleech_urls,9107
rocksdb,9100
adam,9095
koreader,9087
CM,9073
grid,9067
pupesoft,9058
hackfoldr,9056
temp,9025
github,9024
postgres,9022
pcl,9015
angular,9010
Markus,9010
flynn,9004
cf-release,9004
fusiontest5,8987
root,8980
learning,8962
osTicket-1.8,8961
less.js,8953
crouton,8953
ckan,8951
hadoop-common,8949
mozilla-git-mapfile,8947
ggrc-core,8938
sass,8936
lab,8927
roots,8925
request,8915
SMF2.1,8910
qiita,8907
tutorial,8906
melpa,8893
utility2,8867
video-playlists,8863
hdx-ckan,8861
otp,8857
processing,8848
BuildCraft,8834
ui,8823
prueba,8810
NGECore2,8789
twofactorauth,8788
Galacticraft,8785
contiki,8782
ios,8774
storm,8772
Glowstone,8755
harveysbrighton,8752
other.erldocs.com,8748
Notes,8744
shona,8735
androidannotations,8724
capstone,8718
portal,8703
first,8699
angular-file-upload,8694
test_repo,8690
balanced-dashboard,8689
linux-dash,8684
bin,8675
video2-sites,8640
common,8619
runtime,8614
blob,8612
Starcounter,8611
aura,8600
hugo,8594
chef-repo,8580
bitcoinj,8575
SDWebImage,8563
Testing,8556
Alamofire,8555
awesome-php,8551
Leetcode,8544
OpenMS,8544
ripple-client,8539
game-of-life,8533
async,8532
hackathon,8530
generator-angular-fullstack,8519
skrollr,8516
jabref,8511
vraptor4,8501
awesome-nodejs,8484
bitcore,8479
emoticommits,8477
Andres,8447
report,8442
omniwallet,8431
shumway,8425
contact-congress,8422
infosec,8417
hapi,8409
tcffm,8405
huangjinqiang.github.io,8381
stan,8381
commons,8374
hub,8370
workspace,8368
work,8367
github-nagios-check,8365
avalon,8364
mysite,8356
fbjssdk,8355
fipy,8347
MyAppWithFailures,8344
wildfly-core,8343
libsass,8333
fsm92xx-kernel-sources,8313
Cinnamon,8312
sentry,8311
Android-Universal-Image-Loader,8297
My-repository,8295
pecantest,8283
our-boxen,8277
marathon,8276
active_merchant,8271
devise,8267
library,8265
droidplanner,8260
Urho3D,8260
bootstrap-sass,8247
kuali-student,8247
dotCMS,8243
tasks,8241
rpcs3,8239
beaker,8238
Modernizr,8237
bitshares_toolkit,8235
hive,8233
frontus,8219
chess,8218
christopherbyrne.github.io,8185
Torque3D,8183
FrameworkBenchmarks,8179
bluebottle,8174
OpenStudio,8165
Mailpile,8162
mail,8162
PisiLinux,8156
sunpy,8154
citra,8151
vue,8140
zentyal,8117
FreeRDP,8107
twitter,8104
scribe,8100
WebsiteOne,8090
sidekiq,8078
Front-end-Developer-Interview-Questions,8076
test-project,8066
rspec-core,8065
repository,8049
i-want-that-shirt,8044
xtuple,8040
httpie,8007
travis-rubies,8003
admin,7999
YouTubeCenter,7998
lodash,7991
developer.rackspace.com,7985
homework,7983
opencog,7978
mame,7971
mpc-hc,7962
highcharts.com,7958
Cumulus,7948
erpnext,7939
rvm,7918
frontend-dev-bookmarks,7914
chromium,7914
tracker,7911
react-router,7905
typeahead.js,7905
october,7904
breach_core,7889
pandoc,7885
tictactoe,7868
tutorials,7864
statReports,7853
example,7848
ome-documentation,7846
hz-base,7840
puphpet,7822
hexo,7821
social,7811
connect,7804
bluebird,7798
firmware,7792
qTox,7787
yolo-octo-hipster,7781
Idris-dev,7779
MahApps.Metro,7776
WP-e-Commerce,7766
easybuild-easyconfigs,7754
loom,7751
boto,7744
opentxs,7744
dash,7743
NSFW-xvideos-index,7733
algorithm,7730
code-dot-org,7726
dogecoin,7726
